<?xml version="1.0" encoding="UTF-8"?>
<project-private xmlns="http://www.netbeans.org/ns/project-private/1">
    <editor-bookmarks xmlns="http://www.netbeans.org/ns/editor-bookmarks/2" lastBookmarkId="0"/>
    <open-files xmlns="http://www.netbeans.org/ns/projectui-open-files/2">
        <group>
            <file>file:/C:/xampp/htdocs/test/application/config/email.php</file>
            <file>file:/C:/xampp/htdocs/test/application/views/students/mail_report.php</file>
            <file>file:/C:/xampp/htdocs/test/application/views/include/default.php</file>
            <file>file:/C:/xampp/htdocs/test/application/views/students/index.php</file>
            <file>file:/C:/xampp/htdocs/test/application/config/routes.php</file>
            <file>file:/C:/xampp/htdocs/test/application/views/login/index.php</file>
            <file>file:/C:/xampp/htdocs/test/application/controllers/Students.php</file>
            <file>file:/C:/xampp/htdocs/test/application/controllers/Login.php</file>
            <file>file:/C:/xampp/htdocs/test/application/views/students/edit_form.php</file>
            <file>file:/C:/xampp/htdocs/test/assets/login.js</file>
            <file>file:/C:/xampp/htdocs/test/application/core/MY_Controller.php</file>
            <file>file:/C:/xampp/htdocs/test/assets/students.js</file>
            <file>file:/C:/xampp/htdocs/test/application/views/students/ajax_load.php</file>
        </group>
    </open-files>
</project-private>
